node_id,date,metric_name,value,delay_flag
SUP_01,2025-01-01,Factory Issue,371.82,0
SUP_01,2025-01-02,Factory Issue,350.26,0
SUP_01,2025-01-03,Factory Issue,288.16,0
SUP_01,2025-01-04,Factory Issue,332.88,0
SUP_01,2025-01-05,Factory Issue,316.29,0
SUP_01,2025-01-06,Factory Issue,471.05,0
SUP_01,2025-01-07,Factory Issue,321.53,0
SUP_01,2025-01-08,Factory Issue,290.36,0
SUP_01,2025-01-09,Factory Issue,493.64,0
SUP_01,2025-01-10,Factory Issue,259.12,0
SUP_01,2025-01-11,Factory Issue,382.08,0
SUP_01,2025-01-12,Factory Issue,333.11,0
SUP_01,2025-01-13,Factory Issue,381.66,0
SUP_01,2025-01-14,Factory Issue,301.37,0
SUP_01,2025-01-15,Factory Issue,434.99,0
SUP_01,2025-01-16,Factory Issue,418.85,0
SUP_01,2025-01-17,Factory Issue,409.1,0
SUP_01,2025-01-18,Factory Issue,241.62,0
SUP_01,2025-01-19,Factory Issue,339.72,0
SUP_01,2025-01-20,Factory Issue,339.57,0
SUP_01,2025-01-21,Factory Issue,368.73,0
SUP_01,2025-01-22,Factory Issue,385.28,0
SUP_01,2025-01-23,Factory Issue,243.86,0
SUP_01,2025-01-24,Factory Issue,153.5,0
SUP_01,2025-01-25,Factory Issue,418.83,0
SUP_01,2025-01-26,Factory Issue,435.43,0
SUP_01,2025-01-27,Factory Issue,494.97,0
SUP_01,2025-01-28,Factory Issue,500.85,0
SUP_01,2025-01-29,Factory Issue,256.58,0
SUP_01,2025-01-30,Factory Issue,298.38,0
SUP_01,2025-01-31,Factory Issue,215.72,0
SUP_01,2025-02-01,Factory Issue,551.76,0
SUP_01,2025-02-02,Factory Issue,344.13,0
SUP_01,2025-02-03,Factory Issue,204.0,0
SUP_01,2025-02-04,Factory Issue,511.84,0
SUP_01,2025-02-05,Factory Issue,435.26,0
SUP_01,2025-02-06,Factory Issue,282.78,0
SUP_01,2025-02-07,Factory Issue,239.01,0
SUP_01,2025-02-08,Factory Issue,404.69,0
SUP_01,2025-02-09,Factory Issue,506.36,0
SUP_01,2025-02-10,Factory Issue,335.86,0
SUP_01,2025-02-11,Factory Issue,347.96,0
SUP_01,2025-02-12,Factory Issue,338.68,0
SUP_01,2025-02-13,Factory Issue,274.99,0
SUP_01,2025-02-14,Factory Issue,415.83,0
SUP_01,2025-02-15,Factory Issue,379.4,0
SUP_01,2025-02-16,Factory Issue,419.78,0
SUP_01,2025-02-17,Factory Issue,366.13,0
SUP_01,2025-02-18,Factory Issue,359.81,0
SUP_01,2025-02-19,Factory Issue,469.16,0
SUP_01,2025-02-20,Factory Issue,323.9,0
SUP_01,2025-02-21,Factory Issue,437.55,0
SUP_01,2025-02-22,Factory Issue,322.95,0
SUP_01,2025-02-23,Factory Issue,432.79,0
SUP_01,2025-02-24,Factory Issue,430.69,0
SUP_01,2025-02-25,Factory Issue,346.19,0
SUP_01,2025-02-26,Factory Issue,588.29,0
SUP_01,2025-02-27,Factory Issue,411.59,0
SUP_01,2025-02-28,Factory Issue,495.3,0
SUP_01,2025-03-01,Factory Issue,273.04,0
SUP_01,2025-03-02,Factory Issue,647.35,0
SUP_01,2025-03-03,Factory Issue,419.27,0
SUP_01,2025-03-04,Factory Issue,461.15,0
SUP_01,2025-03-05,Factory Issue,334.58,0
SUP_01,2025-03-06,Factory Issue,340.11,0
SUP_01,2025-03-07,Factory Issue,416.2,0
SUP_01,2025-03-08,Factory Issue,387.77,0
SUP_01,2025-03-09,Factory Issue,480.37,0
SUP_01,2025-03-10,Factory Issue,489.08,0
SUP_01,2025-03-11,Factory Issue,420.42,0
SUP_01,2025-03-12,Factory Issue,509.0,0
SUP_01,2025-03-13,Factory Issue,429.54,0
SUP_01,2025-03-14,Factory Issue,469.02,0
SUP_01,2025-03-15,Factory Issue,353.36,0
SUP_01,2025-03-16,Factory Issue,387.5,0
SUP_01,2025-03-17,Factory Issue,360.26,0
SUP_01,2025-03-18,Factory Issue,381.45,0
SUP_01,2025-03-19,Factory Issue,421.79,0
SUP_01,2025-03-20,Factory Issue,349.2,0
SUP_01,2025-03-21,Factory Issue,504.06,0
SUP_01,2025-03-22,Factory Issue,442.61,0
SUP_01,2025-03-23,Factory Issue,326.6,0
SUP_01,2025-03-24,Factory Issue,362.4,0
SUP_01,2025-03-25,Factory Issue,556.0,0
SUP_01,2025-03-26,Factory Issue,439.75,0
SUP_01,2025-03-27,Factory Issue,253.2,0
SUP_01,2025-03-28,Factory Issue,334.64,0
SUP_01,2025-03-29,Factory Issue,324.92,0
SUP_01,2025-03-30,Factory Issue,356.63,0
SUP_01,2025-03-31,Factory Issue,302.84,0
SUP_01,2025-04-01,Factory Issue,375.09,0
SUP_01,2025-04-02,Factory Issue,421.87,0
SUP_01,2025-04-03,Factory Issue,227.13,0
SUP_01,2025-04-04,Factory Issue,242.75,0
SUP_01,2025-04-05,Factory Issue,286.82,0
SUP_01,2025-04-06,Factory Issue,434.49,0
SUP_01,2025-04-07,Factory Issue,486.39,0
SUP_01,2025-04-08,Factory Issue,308.37,0
SUP_01,2025-04-09,Factory Issue,244.81,0
SUP_01,2025-04-10,Factory Issue,516.16,0
SUP_02,2025-01-01,Factory Issue,348.91,0
SUP_02,2025-01-02,Factory Issue,443.05,0
SUP_02,2025-01-03,Factory Issue,94.95,0
SUP_02,2025-01-04,Factory Issue,480.2,0
SUP_02,2025-01-05,Factory Issue,566.9,0
SUP_02,2025-01-06,Factory Issue,372.64,0
SUP_02,2025-01-07,Factory Issue,265.85,0
SUP_02,2025-01-08,Factory Issue,430.47,0
SUP_02,2025-01-09,Factory Issue,380.58,0
SUP_02,2025-01-10,Factory Issue,602.33,0
SUP_02,2025-01-11,Factory Issue,672.25,0
SUP_02,2025-01-12,Factory Issue,609.86,0
SUP_02,2025-01-13,Factory Issue,373.53,0
SUP_02,2025-01-14,Factory Issue,587.34,0
SUP_02,2025-01-15,Factory Issue,569.51,0
SUP_02,2025-01-16,Factory Issue,537.07,0
SUP_02,2025-01-17,Factory Issue,417.68,0
SUP_02,2025-01-18,Factory Issue,22.11,0
SUP_02,2025-01-19,Factory Issue,319.3,0
SUP_02,2025-01-20,Factory Issue,370.02,0
SUP_02,2025-01-21,Factory Issue,807.01,0
SUP_02,2025-01-22,Factory Issue,448.01,0
SUP_02,2025-01-23,Factory Issue,441.75,0
SUP_02,2025-01-24,Factory Issue,131.18,0
SUP_02,2025-01-25,Factory Issue,537.06,0
SUP_02,2025-01-26,Factory Issue,493.33,0
SUP_02,2025-01-27,Factory Issue,382.29,0
SUP_02,2025-01-28,Factory Issue,288.9,0
SUP_02,2025-01-29,Factory Issue,501.1,0
SUP_02,2025-01-30,Factory Issue,578.97,0
SUP_02,2025-01-31,Factory Issue,144.27,0
SUP_02,2025-02-01,Factory Issue,308.95,0
SUP_02,2025-02-02,Factory Issue,488.13,0
SUP_02,2025-02-03,Factory Issue,101.08,0
SUP_02,2025-02-04,Factory Issue,268.35,0
SUP_02,2025-02-05,Factory Issue,411.32,0
SUP_02,2025-02-06,Factory Issue,686.58,0
SUP_02,2025-02-07,Factory Issue,435.42,0
SUP_02,2025-02-08,Factory Issue,681.53,0
SUP_02,2025-02-09,Factory Issue,324.87,0
SUP_02,2025-02-10,Factory Issue,247.21,0
SUP_02,2025-02-11,Factory Issue,404.87,0
SUP_02,2025-02-12,Factory Issue,585.82,0
SUP_02,2025-02-13,Factory Issue,432.6,0
SUP_02,2025-02-14,Factory Issue,379.87,0
SUP_02,2025-02-15,Factory Issue,596.47,0
SUP_02,2025-02-16,Factory Issue,385.57,0
SUP_02,2025-02-17,Factory Issue,455.41,0
SUP_02,2025-02-18,Factory Issue,759.1,0
SUP_02,2025-02-19,Factory Issue,493.95,0
SUP_02,2025-02-20,Factory Issue,217.67,0
SUP_02,2025-02-21,Factory Issue,562.47,0
SUP_02,2025-02-22,Factory Issue,348.13,0
SUP_02,2025-02-23,Factory Issue,540.97,0
SUP_02,2025-02-24,Factory Issue,413.89,0
SUP_02,2025-02-25,Factory Issue,257.88,0
SUP_02,2025-02-26,Factory Issue,362.31,0
SUP_02,2025-02-27,Factory Issue,332.26,0
SUP_02,2025-02-28,Factory Issue,259.39,0
SUP_02,2025-03-01,Factory Issue,324.86,0
SUP_02,2025-03-02,Factory Issue,135.96,0
SUP_02,2025-03-03,Factory Issue,326.76,0
SUP_02,2025-03-04,Factory Issue,246.17,0
SUP_02,2025-03-05,Factory Issue,540.36,0
SUP_02,2025-03-06,Factory Issue,237.46,0
SUP_02,2025-03-07,Factory Issue,440.27,0
SUP_02,2025-03-08,Factory Issue,474.08,0
SUP_02,2025-03-09,Factory Issue,393.7,0
SUP_02,2025-03-10,Factory Issue,507.46,0
SUP_02,2025-03-11,Factory Issue,379.55,0
SUP_02,2025-03-12,Factory Issue,182.91,0
SUP_02,2025-03-13,Factory Issue,20.07,0
SUP_02,2025-03-14,Factory Issue,436.97,0
SUP_02,2025-03-15,Factory Issue,567.22,0
SUP_02,2025-03-16,Factory Issue,571.69,0
SUP_02,2025-03-17,Factory Issue,-25.95,0
SUP_02,2025-03-18,Factory Issue,233.49,0
SUP_02,2025-03-19,Factory Issue,431.57,0
SUP_02,2025-03-20,Factory Issue,191.14,0
SUP_02,2025-03-21,Factory Issue,451.19,0
SUP_02,2025-03-22,Factory Issue,410.81,0
SUP_02,2025-03-23,Factory Issue,302.7,0
SUP_02,2025-03-24,Factory Issue,166.25,0
SUP_02,2025-03-25,Factory Issue,251.29,0
SUP_02,2025-03-26,Factory Issue,524.81,0
SUP_02,2025-03-27,Factory Issue,105.28,0
SUP_02,2025-03-28,Factory Issue,324.81,0
SUP_02,2025-03-29,Factory Issue,382.95,0
SUP_02,2025-03-30,Factory Issue,575.47,0
SUP_02,2025-03-31,Factory Issue,349.45,0
SUP_02,2025-04-01,Factory Issue,221.82,0
SUP_02,2025-04-02,Factory Issue,452.37,0
SUP_02,2025-04-03,Factory Issue,246.63,0
SUP_02,2025-04-04,Factory Issue,607.35,0
SUP_02,2025-04-05,Factory Issue,386.34,0
SUP_02,2025-04-06,Factory Issue,20.9,0
SUP_02,2025-04-07,Factory Issue,626.88,0
SUP_02,2025-04-08,Factory Issue,457.85,0
SUP_02,2025-04-09,Factory Issue,323.66,0
SUP_02,2025-04-10,Factory Issue,286.25,0
SUP_03,2025-01-01,Factory Issue,374.39,0
SUP_03,2025-01-02,Factory Issue,416.97,0
SUP_03,2025-01-03,Factory Issue,217.96,0
SUP_03,2025-01-04,Factory Issue,143.6,0
SUP_03,2025-01-05,Factory Issue,-108.04,0
SUP_03,2025-01-06,Factory Issue,238.35,0
SUP_03,2025-01-07,Factory Issue,678.84,0
SUP_03,2025-01-08,Factory Issue,513.21,0
SUP_03,2025-01-09,Factory Issue,394.05,0
SUP_03,2025-01-10,Factory Issue,-40.8,0
SUP_03,2025-01-11,Factory Issue,261.51,0
SUP_03,2025-01-12,Factory Issue,252.5,0
SUP_03,2025-01-13,Factory Issue,534.53,0
SUP_03,2025-01-14,Factory Issue,378.03,0
SUP_03,2025-01-15,Factory Issue,452.72,0
SUP_03,2025-01-16,Factory Issue,373.77,0
SUP_03,2025-01-17,Factory Issue,388.31,0
SUP_03,2025-01-18,Factory Issue,314.5,0
SUP_03,2025-01-19,Factory Issue,183.91,0
SUP_03,2025-01-20,Factory Issue,215.78,0
SUP_03,2025-01-21,Factory Issue,437.95,0
SUP_03,2025-01-22,Factory Issue,209.46,0
SUP_03,2025-01-23,Factory Issue,563.78,0
SUP_03,2025-01-24,Factory Issue,32.28,0
SUP_03,2025-01-25,Factory Issue,565.7,0
SUP_03,2025-01-26,Factory Issue,284.18,0
SUP_03,2025-01-27,Factory Issue,-125.88,0
SUP_03,2025-01-28,Factory Issue,-19.14,0
SUP_03,2025-01-29,Factory Issue,179.27,0
SUP_03,2025-01-30,Factory Issue,141.76,0
SUP_03,2025-01-31,Factory Issue,464.23,0
SUP_03,2025-02-01,Factory Issue,641.96,0
SUP_03,2025-02-02,Factory Issue,221.95,0
SUP_03,2025-02-03,Factory Issue,20.38,0
SUP_03,2025-02-04,Factory Issue,176.58,0
SUP_03,2025-02-05,Factory Issue,556.18,0
SUP_03,2025-02-06,Factory Issue,317.65,0
SUP_03,2025-02-07,Factory Issue,584.02,0
SUP_03,2025-02-08,Factory Issue,303.83,0
SUP_03,2025-02-09,Factory Issue,440.17,0
SUP_03,2025-02-10,Factory Issue,411.41,0
SUP_03,2025-02-11,Factory Issue,544.31,0
SUP_03,2025-02-12,Factory Issue,604.54,0
SUP_03,2025-02-13,Factory Issue,448.16,0
SUP_03,2025-02-14,Factory Issue,359.42,0
SUP_03,2025-02-15,Factory Issue,527.79,0
SUP_03,2025-02-16,Factory Issue,460.22,0
SUP_03,2025-02-17,Factory Issue,540.18,0
SUP_03,2025-02-18,Factory Issue,515.68,0
SUP_03,2025-02-19,Factory Issue,689.29,0
SUP_03,2025-02-20,Factory Issue,681.92,0
SUP_03,2025-02-21,Factory Issue,310.52,0
SUP_03,2025-02-22,Factory Issue,144.68,0
SUP_03,2025-02-23,Factory Issue,218.22,0
SUP_03,2025-02-24,Factory Issue,966.48,0
SUP_03,2025-02-25,Factory Issue,9.82,0
SUP_03,2025-02-26,Factory Issue,340.85,0
SUP_03,2025-02-27,Factory Issue,387.04,0
SUP_03,2025-02-28,Factory Issue,263.93,0
SUP_03,2025-03-01,Factory Issue,-75.02,0
SUP_03,2025-03-02,Factory Issue,488.69,0
SUP_03,2025-03-03,Factory Issue,567.63,0
SUP_03,2025-03-04,Factory Issue,683.75,0
SUP_03,2025-03-05,Factory Issue,351.76,0
SUP_03,2025-03-06,Factory Issue,608.23,0
SUP_03,2025-03-07,Factory Issue,413.91,0
SUP_03,2025-03-08,Factory Issue,-13.21,0
SUP_03,2025-03-09,Factory Issue,336.9,0
SUP_03,2025-03-10,Factory Issue,249.92,0
SUP_03,2025-03-11,Factory Issue,342.42,0
SUP_03,2025-03-12,Factory Issue,435.03,0
SUP_03,2025-03-13,Factory Issue,412.58,0
SUP_03,2025-03-14,Factory Issue,544.75,0
SUP_03,2025-03-15,Factory Issue,636.49,0
SUP_03,2025-03-16,Factory Issue,749.3,0
SUP_03,2025-03-17,Factory Issue,440.16,0
SUP_03,2025-03-18,Factory Issue,309.57,0
SUP_03,2025-03-19,Factory Issue,307.25,0
SUP_03,2025-03-20,Factory Issue,823.83,0
SUP_03,2025-03-21,Factory Issue,166.85,0
SUP_03,2025-03-22,Factory Issue,729.17,0
SUP_03,2025-03-23,Factory Issue,244.25,0
SUP_03,2025-03-24,Factory Issue,404.69,0
SUP_03,2025-03-25,Factory Issue,693.59,0
SUP_03,2025-03-26,Factory Issue,376.6,0
SUP_03,2025-03-27,Factory Issue,100.68,0
SUP_03,2025-03-28,Factory Issue,13.34,0
SUP_03,2025-03-29,Factory Issue,127.64,0
SUP_03,2025-03-30,Factory Issue,418.13,0
SUP_03,2025-03-31,Factory Issue,149.19,0
SUP_03,2025-04-01,Factory Issue,437.11,0
SUP_03,2025-04-02,Factory Issue,456.76,0
SUP_03,2025-04-03,Factory Issue,908.85,0
SUP_03,2025-04-04,Factory Issue,293.92,0
SUP_03,2025-04-05,Factory Issue,343.77,0
SUP_03,2025-04-06,Factory Issue,115.22,0
SUP_03,2025-04-07,Factory Issue,-7.76,0
SUP_03,2025-04-08,Factory Issue,-12.41,0
SUP_03,2025-04-09,Factory Issue,600.64,0
SUP_03,2025-04-10,Factory Issue,264.99,0
SUP_04,2025-01-01,Factory Issue,417.72,0
SUP_04,2025-01-02,Factory Issue,276.82,0
SUP_04,2025-01-03,Factory Issue,498.66,0
SUP_04,2025-01-04,Factory Issue,351.82,0
SUP_04,2025-01-05,Factory Issue,411.74,0
SUP_04,2025-01-06,Factory Issue,346.19,0
SUP_04,2025-01-07,Factory Issue,434.65,0
SUP_04,2025-01-08,Factory Issue,445.5,0
SUP_04,2025-01-09,Factory Issue,267.29,0
SUP_04,2025-01-10,Factory Issue,409.03,0
SUP_04,2025-01-11,Factory Issue,334.33,0
SUP_04,2025-01-12,Factory Issue,426.72,0
SUP_04,2025-01-13,Factory Issue,438.99,0
SUP_04,2025-01-14,Factory Issue,343.45,0
SUP_04,2025-01-15,Factory Issue,314.32,0
SUP_04,2025-01-16,Factory Issue,398.87,0
SUP_04,2025-01-17,Factory Issue,367.28,0
SUP_04,2025-01-18,Factory Issue,378.19,0
SUP_04,2025-01-19,Factory Issue,421.86,0
SUP_04,2025-01-20,Factory Issue,463.6,0
SUP_04,2025-01-21,Factory Issue,373.99,0
SUP_04,2025-01-22,Factory Issue,391.95,0
SUP_04,2025-01-23,Factory Issue,313.72,0
SUP_04,2025-01-24,Factory Issue,384.98,0
SUP_04,2025-01-25,Factory Issue,462.69,0
SUP_04,2025-01-26,Factory Issue,433.55,0
SUP_04,2025-01-27,Factory Issue,404.34,0
SUP_04,2025-01-28,Factory Issue,330.1,0
SUP_04,2025-01-29,Factory Issue,438.49,0
SUP_04,2025-01-30,Factory Issue,412.62,0
SUP_04,2025-01-31,Factory Issue,441.5,0
SUP_04,2025-02-01,Factory Issue,418.09,0
SUP_04,2025-02-02,Factory Issue,402.76,0
SUP_04,2025-02-03,Factory Issue,391.19,0
SUP_04,2025-02-04,Factory Issue,438.61,0
SUP_04,2025-02-05,Factory Issue,323.04,0
SUP_04,2025-02-06,Factory Issue,293.16,0
SUP_04,2025-02-07,Factory Issue,322.75,0
SUP_04,2025-02-08,Factory Issue,328.42,0
SUP_04,2025-02-09,Factory Issue,341.2,0
SUP_04,2025-02-10,Factory Issue,400.77,0
SUP_04,2025-02-11,Factory Issue,357.21,0
SUP_04,2025-02-12,Factory Issue,366.85,0
SUP_04,2025-02-13,Factory Issue,320.9,0
SUP_04,2025-02-14,Factory Issue,451.55,0
SUP_04,2025-02-15,Factory Issue,346.5,0
SUP_04,2025-02-16,Factory Issue,421.78,0
SUP_04,2025-02-17,Factory Issue,308.82,0
SUP_04,2025-02-18,Factory Issue,390.49,0
SUP_04,2025-02-19,Factory Issue,380.03,0
SUP_04,2025-02-20,Factory Issue,322.02,0
SUP_04,2025-02-21,Factory Issue,443.62,0
SUP_04,2025-02-22,Factory Issue,369.73,0
SUP_04,2025-02-23,Factory Issue,471.8,0
SUP_04,2025-02-24,Factory Issue,389.35,0
SUP_04,2025-02-25,Factory Issue,319.27,0
SUP_04,2025-02-26,Factory Issue,364.95,0
SUP_04,2025-02-27,Factory Issue,388.03,0
SUP_04,2025-02-28,Factory Issue,438.49,0
SUP_04,2025-03-01,Factory Issue,328.62,0
SUP_04,2025-03-02,Factory Issue,394.84,0
SUP_04,2025-03-03,Factory Issue,415.2,0
SUP_04,2025-03-04,Factory Issue,440.99,0
SUP_04,2025-03-05,Factory Issue,322.98,0
SUP_04,2025-03-06,Factory Issue,328.89,0
SUP_04,2025-03-07,Factory Issue,357.35,0
SUP_04,2025-03-08,Factory Issue,356.28,0
SUP_04,2025-03-09,Factory Issue,393.17,0
SUP_04,2025-03-10,Factory Issue,440.64,0
SUP_04,2025-03-11,Factory Issue,344.62,0
SUP_04,2025-03-12,Factory Issue,425.85,0
SUP_04,2025-03-13,Factory Issue,312.73,0
SUP_04,2025-03-14,Factory Issue,353.06,0
SUP_04,2025-03-15,Factory Issue,348.08,0
SUP_04,2025-03-16,Factory Issue,302.34,0
SUP_04,2025-03-17,Factory Issue,287.17,0
SUP_04,2025-03-18,Factory Issue,451.32,0
SUP_04,2025-03-19,Factory Issue,336.85,0
SUP_04,2025-03-20,Factory Issue,359.49,0
SUP_04,2025-03-21,Factory Issue,448.62,0
SUP_04,2025-03-22,Factory Issue,344.12,0
SUP_04,2025-03-23,Factory Issue,402.67,0
SUP_04,2025-03-24,Factory Issue,367.98,0
SUP_04,2025-03-25,Factory Issue,450.11,0
SUP_04,2025-03-26,Factory Issue,434.46,0
SUP_04,2025-03-27,Factory Issue,384.66,0
SUP_04,2025-03-28,Factory Issue,367.33,0
SUP_04,2025-03-29,Factory Issue,393.54,0
SUP_04,2025-03-30,Factory Issue,445.16,0
SUP_04,2025-03-31,Factory Issue,380.13,0
SUP_04,2025-04-01,Factory Issue,399.33,0
SUP_04,2025-04-02,Factory Issue,393.2,0
SUP_04,2025-04-03,Factory Issue,426.05,0
SUP_04,2025-04-04,Factory Issue,368.95,0
SUP_04,2025-04-05,Factory Issue,381.47,0
SUP_04,2025-04-06,Factory Issue,272.74,0
SUP_04,2025-04-07,Factory Issue,317.88,0
SUP_04,2025-04-08,Factory Issue,412.97,0
SUP_04,2025-04-09,Factory Issue,420.8,0
SUP_04,2025-04-10,Factory Issue,420.84,0
SUP_05,2025-01-01,Factory Issue,276.77,0
SUP_05,2025-01-02,Factory Issue,325.82,0
SUP_05,2025-01-03,Factory Issue,388.47,0
SUP_05,2025-01-04,Factory Issue,450.8,0
SUP_05,2025-01-05,Factory Issue,303.07,0
SUP_05,2025-01-06,Factory Issue,360.01,0
SUP_05,2025-01-07,Factory Issue,278.3,0
SUP_05,2025-01-08,Factory Issue,290.74,0
SUP_05,2025-01-09,Factory Issue,406.28,0
SUP_05,2025-01-10,Factory Issue,411.6,0
SUP_05,2025-01-11,Factory Issue,186.42,0
SUP_05,2025-01-12,Factory Issue,399.4,0
SUP_05,2025-01-13,Factory Issue,376.23,0
SUP_05,2025-01-14,Factory Issue,307.45,0
SUP_05,2025-01-15,Factory Issue,316.8,0
SUP_05,2025-01-16,Factory Issue,345.0,0
SUP_05,2025-01-17,Factory Issue,358.89,0
SUP_05,2025-01-18,Factory Issue,359.25,0
SUP_05,2025-01-19,Factory Issue,361.66,0
SUP_05,2025-01-20,Factory Issue,416.14,0
SUP_05,2025-01-21,Factory Issue,414.71,0
SUP_05,2025-01-22,Factory Issue,302.44,0
SUP_05,2025-01-23,Factory Issue,379.2,0
SUP_05,2025-01-24,Factory Issue,275.11,0
SUP_05,2025-01-25,Factory Issue,309.56,0
SUP_05,2025-01-26,Factory Issue,456.43,0
SUP_05,2025-01-27,Factory Issue,282.38,0
SUP_05,2025-01-28,Factory Issue,307.98,0
SUP_05,2025-01-29,Factory Issue,501.48,0
SUP_05,2025-01-30,Factory Issue,373.87,0
SUP_05,2025-01-31,Factory Issue,368.46,0
SUP_05,2025-02-01,Factory Issue,345.97,0
SUP_05,2025-02-02,Factory Issue,397.66,0
SUP_05,2025-02-03,Factory Issue,471.65,0
SUP_05,2025-02-04,Factory Issue,419.85,0
SUP_05,2025-02-05,Factory Issue,339.96,0
SUP_05,2025-02-06,Factory Issue,393.49,0
SUP_05,2025-02-07,Factory Issue,372.78,0
SUP_05,2025-02-08,Factory Issue,372.75,0
SUP_05,2025-02-09,Factory Issue,454.32,0
SUP_05,2025-02-10,Factory Issue,421.4,0
SUP_05,2025-02-11,Factory Issue,406.28,0
SUP_05,2025-02-12,Factory Issue,381.32,0
SUP_05,2025-02-13,Factory Issue,363.52,0
SUP_05,2025-02-14,Factory Issue,443.55,0
SUP_05,2025-02-15,Factory Issue,491.87,0
SUP_05,2025-02-16,Factory Issue,365.62,0
SUP_05,2025-02-17,Factory Issue,426.95,0
SUP_05,2025-02-18,Factory Issue,394.74,0
SUP_05,2025-02-19,Factory Issue,400.33,0
SUP_05,2025-02-20,Factory Issue,419.57,0
SUP_05,2025-02-21,Factory Issue,406.27,0
SUP_05,2025-02-22,Factory Issue,414.99,0
SUP_05,2025-02-23,Factory Issue,383.04,0
SUP_05,2025-02-24,Factory Issue,371.37,0
SUP_05,2025-02-25,Factory Issue,389.45,0
SUP_05,2025-02-26,Factory Issue,317.42,0
SUP_05,2025-02-27,Factory Issue,349.12,0
SUP_05,2025-02-28,Factory Issue,471.36,0
SUP_05,2025-03-01,Factory Issue,415.4,0
SUP_05,2025-03-02,Factory Issue,238.59,0
SUP_05,2025-03-03,Factory Issue,388.55,0
SUP_05,2025-03-04,Factory Issue,373.33,0
SUP_05,2025-03-05,Factory Issue,267.92,0
SUP_05,2025-03-06,Factory Issue,408.67,0
SUP_05,2025-03-07,Factory Issue,409.43,0
SUP_05,2025-03-08,Factory Issue,273.9,0
SUP_05,2025-03-09,Factory Issue,350.23,0
SUP_05,2025-03-10,Factory Issue,321.58,0
SUP_05,2025-03-11,Factory Issue,317.76,0
SUP_05,2025-03-12,Factory Issue,471.9,0
SUP_05,2025-03-13,Factory Issue,347.79,0
SUP_05,2025-03-14,Factory Issue,421.24,0
SUP_05,2025-03-15,Factory Issue,323.41,0
SUP_05,2025-03-16,Factory Issue,348.34,0
SUP_05,2025-03-17,Factory Issue,366.12,0
SUP_05,2025-03-18,Factory Issue,418.41,0
SUP_05,2025-03-19,Factory Issue,398.73,0
SUP_05,2025-03-20,Factory Issue,172.46,0
SUP_05,2025-03-21,Factory Issue,353.32,0
SUP_05,2025-03-22,Factory Issue,402.64,0
SUP_05,2025-03-23,Factory Issue,259.14,0
SUP_05,2025-03-24,Factory Issue,274.79,0
SUP_05,2025-03-25,Factory Issue,277.83,0
SUP_05,2025-03-26,Factory Issue,269.33,0
SUP_05,2025-03-27,Factory Issue,267.2,0
SUP_05,2025-03-28,Factory Issue,292.39,0
SUP_05,2025-03-29,Factory Issue,350.48,0
SUP_05,2025-03-30,Factory Issue,265.75,0
SUP_05,2025-03-31,Factory Issue,348.12,0
SUP_05,2025-04-01,Factory Issue,376.09,0
SUP_05,2025-04-02,Factory Issue,544.3,0
SUP_05,2025-04-03,Factory Issue,306.44,0
SUP_05,2025-04-04,Factory Issue,427.61,0
SUP_05,2025-04-05,Factory Issue,241.31,0
SUP_05,2025-04-06,Factory Issue,427.6,0
SUP_05,2025-04-07,Factory Issue,335.46,0
SUP_05,2025-04-08,Factory Issue,411.59,0
SUP_05,2025-04-09,Factory Issue,396.14,0
SUP_05,2025-04-10,Factory Issue,358.07,0
SUP_06,2025-01-01,Factory Issue,336.0,0
SUP_06,2025-01-02,Factory Issue,436.21,0
SUP_06,2025-01-03,Factory Issue,321.74,0
SUP_06,2025-01-04,Factory Issue,501.2,0
SUP_06,2025-01-05,Factory Issue,473.78,0
SUP_06,2025-01-06,Factory Issue,457.4,0
SUP_06,2025-01-07,Factory Issue,350.71,0
SUP_06,2025-01-08,Factory Issue,236.41,0
SUP_06,2025-01-09,Factory Issue,507.71,0
SUP_06,2025-01-10,Factory Issue,426.19,0
SUP_06,2025-01-11,Factory Issue,287.54,0
SUP_06,2025-01-12,Factory Issue,387.3,0
SUP_06,2025-01-13,Factory Issue,345.11,0
SUP_06,2025-01-14,Factory Issue,288.6,0
SUP_06,2025-01-15,Factory Issue,345.49,0
SUP_06,2025-01-16,Factory Issue,293.41,0
SUP_06,2025-01-17,Factory Issue,409.11,0
SUP_06,2025-01-18,Factory Issue,391.15,0
SUP_06,2025-01-19,Factory Issue,361.33,0
SUP_06,2025-01-20,Factory Issue,344.6,0
SUP_06,2025-01-21,Factory Issue,432.43,0
SUP_06,2025-01-22,Factory Issue,274.36,0
SUP_06,2025-01-23,Factory Issue,397.58,0
SUP_06,2025-01-24,Factory Issue,207.21,0
SUP_06,2025-01-25,Factory Issue,396.56,0
SUP_06,2025-01-26,Factory Issue,453.11,0
SUP_06,2025-01-27,Factory Issue,250.82,0
SUP_06,2025-01-28,Factory Issue,452.95,0
SUP_06,2025-01-29,Factory Issue,453.92,0
SUP_06,2025-01-30,Factory Issue,454.68,0
SUP_06,2025-01-31,Factory Issue,369.4,0
SUP_06,2025-02-01,Factory Issue,464.85,0
SUP_06,2025-02-02,Factory Issue,475.98,0
SUP_06,2025-02-03,Factory Issue,411.94,0
SUP_06,2025-02-04,Factory Issue,494.32,0
SUP_06,2025-02-05,Factory Issue,413.07,0
SUP_06,2025-02-06,Factory Issue,329.13,0
SUP_06,2025-02-07,Factory Issue,310.74,0
SUP_06,2025-02-08,Factory Issue,450.35,0
SUP_06,2025-02-09,Factory Issue,461.43,0
SUP_06,2025-02-10,Factory Issue,323.74,0
SUP_06,2025-02-11,Factory Issue,346.67,0
SUP_06,2025-02-12,Factory Issue,350.64,0
SUP_06,2025-02-13,Factory Issue,462.29,0
SUP_06,2025-02-14,Factory Issue,242.94,0
SUP_06,2025-02-15,Factory Issue,506.99,0
SUP_06,2025-02-16,Factory Issue,408.91,0
SUP_06,2025-02-17,Factory Issue,225.59,0
SUP_06,2025-02-18,Factory Issue,281.62,0
SUP_06,2025-02-19,Factory Issue,340.22,0
SUP_06,2025-02-20,Factory Issue,345.13,0
SUP_06,2025-02-21,Factory Issue,375.47,0
SUP_06,2025-02-22,Factory Issue,392.72,0
SUP_06,2025-02-23,Factory Issue,304.47,0
SUP_06,2025-02-24,Factory Issue,539.23,0
SUP_06,2025-02-25,Factory Issue,389.85,0
SUP_06,2025-02-26,Factory Issue,338.54,0
SUP_06,2025-02-27,Factory Issue,465.86,0
SUP_06,2025-02-28,Factory Issue,271.97,0
SUP_06,2025-03-01,Factory Issue,493.08,0
SUP_06,2025-03-02,Factory Issue,269.55,0
SUP_06,2025-03-03,Factory Issue,541.36,0
SUP_06,2025-03-04,Factory Issue,228.12,0
SUP_06,2025-03-05,Factory Issue,304.52,0
SUP_06,2025-03-06,Factory Issue,345.62,0
SUP_06,2025-03-07,Factory Issue,451.28,0
SUP_06,2025-03-08,Factory Issue,404.73,0
SUP_06,2025-03-09,Factory Issue,534.87,0
SUP_06,2025-03-10,Factory Issue,382.69,0
SUP_06,2025-03-11,Factory Issue,353.76,0
SUP_06,2025-03-12,Factory Issue,500.2,0
SUP_06,2025-03-13,Factory Issue,509.77,0
SUP_06,2025-03-14,Factory Issue,261.01,0
SUP_06,2025-03-15,Factory Issue,497.11,0
SUP_06,2025-03-16,Factory Issue,490.97,0
SUP_06,2025-03-17,Factory Issue,260.31,0
SUP_06,2025-03-18,Factory Issue,411.28,0
SUP_06,2025-03-19,Factory Issue,327.8,0
SUP_06,2025-03-20,Factory Issue,248.63,0
SUP_06,2025-03-21,Factory Issue,445.79,0
SUP_06,2025-03-22,Factory Issue,463.35,0
SUP_06,2025-03-23,Factory Issue,406.3,0
SUP_06,2025-03-24,Factory Issue,310.69,0
SUP_06,2025-03-25,Factory Issue,485.31,0
SUP_06,2025-03-26,Factory Issue,379.1,0
SUP_06,2025-03-27,Factory Issue,405.72,0
SUP_06,2025-03-28,Factory Issue,327.44,0
SUP_06,2025-03-29,Factory Issue,243.45,0
SUP_06,2025-03-30,Factory Issue,407.05,0
SUP_06,2025-03-31,Factory Issue,425.68,0
SUP_06,2025-04-01,Factory Issue,410.38,0
SUP_06,2025-04-02,Factory Issue,444.34,0
SUP_06,2025-04-03,Factory Issue,537.44,0
SUP_06,2025-04-04,Factory Issue,336.84,0
SUP_06,2025-04-05,Factory Issue,201.7,0
SUP_06,2025-04-06,Factory Issue,458.98,0
SUP_06,2025-04-07,Factory Issue,338.54,0
SUP_06,2025-04-08,Factory Issue,275.78,0
SUP_06,2025-04-09,Factory Issue,246.09,0
SUP_06,2025-04-10,Factory Issue,467.14,0
MFG_01,2025-01-01,Factory Issue,530.58,0
MFG_01,2025-01-02,Factory Issue,540.12,0
MFG_01,2025-01-03,Factory Issue,645.74,0
MFG_01,2025-01-04,Factory Issue,634.87,0
MFG_01,2025-01-05,Factory Issue,589.26,0
MFG_01,2025-01-06,Factory Issue,559.09,0
MFG_01,2025-01-07,Factory Issue,428.08,0
MFG_01,2025-01-08,Factory Issue,777.39,0
MFG_01,2025-01-09,Factory Issue,369.18,0
MFG_01,2025-01-10,Factory Issue,595.13,0
MFG_01,2025-01-11,Factory Issue,491.21,0
MFG_01,2025-01-12,Factory Issue,576.82,0
MFG_01,2025-01-13,Factory Issue,575.25,0
MFG_01,2025-01-14,Factory Issue,620.94,0
MFG_01,2025-01-15,Factory Issue,616.93,0
MFG_01,2025-01-16,Factory Issue,343.63,0
MFG_01,2025-01-17,Factory Issue,704.12,0
MFG_01,2025-01-18,Factory Issue,609.85,0
MFG_01,2025-01-19,Factory Issue,507.9,0
MFG_01,2025-01-20,Factory Issue,590.55,0
MFG_01,2025-01-21,Factory Issue,530.77,0
MFG_01,2025-01-22,Factory Issue,323.38,0
MFG_01,2025-01-23,Factory Issue,730.44,0
MFG_01,2025-01-24,Factory Issue,735.2,0
MFG_01,2025-01-25,Factory Issue,657.77,0
MFG_01,2025-01-26,Factory Issue,709.76,0
MFG_01,2025-01-27,Factory Issue,693.29,0
MFG_01,2025-01-28,Factory Issue,564.26,0
MFG_01,2025-01-29,Factory Issue,603.39,0
MFG_01,2025-01-30,Factory Issue,585.11,0
MFG_01,2025-01-31,Factory Issue,632.11,0
MFG_01,2025-02-01,Factory Issue,505.08,0
MFG_01,2025-02-02,Factory Issue,694.42,0
MFG_01,2025-02-03,Factory Issue,596.57,0
MFG_01,2025-02-04,Factory Issue,595.45,0
MFG_01,2025-02-05,Factory Issue,655.01,0
MFG_01,2025-02-06,Factory Issue,613.93,0
MFG_01,2025-02-07,Factory Issue,566.06,0
MFG_01,2025-02-08,Factory Issue,574.64,0
MFG_01,2025-02-09,Factory Issue,394.61,0
MFG_01,2025-02-10,Factory Issue,706.76,0
MFG_01,2025-02-11,Factory Issue,637.28,0
MFG_01,2025-02-12,Factory Issue,620.67,0
MFG_01,2025-02-13,Factory Issue,754.3,0
MFG_01,2025-02-14,Factory Issue,534.28,0
MFG_01,2025-02-15,Factory Issue,608.84,0
MFG_01,2025-02-16,Factory Issue,530.47,0
MFG_01,2025-02-17,Factory Issue,701.33,0
MFG_01,2025-02-18,Factory Issue,483.88,0
MFG_01,2025-02-19,Factory Issue,701.25,0
MFG_01,2025-02-20,Factory Issue,711.86,0
MFG_01,2025-02-21,Factory Issue,634.87,0
MFG_01,2025-02-22,Factory Issue,729.2,0
MFG_01,2025-02-23,Factory Issue,578.46,0
MFG_01,2025-02-24,Factory Issue,551.01,0
MFG_01,2025-02-25,Factory Issue,653.17,0
MFG_01,2025-02-26,Factory Issue,520.93,0
MFG_01,2025-02-27,Factory Issue,593.0,0
MFG_01,2025-02-28,Factory Issue,684.07,0
MFG_01,2025-03-01,Factory Issue,682.4,0
MFG_01,2025-03-02,Factory Issue,600.81,0
MFG_01,2025-03-03,Factory Issue,490.92,0
MFG_01,2025-03-04,Factory Issue,663.2,0
MFG_01,2025-03-05,Factory Issue,539.63,0
MFG_01,2025-03-06,Factory Issue,603.43,0
MFG_01,2025-03-07,Factory Issue,374.36,0
MFG_01,2025-03-08,Factory Issue,732.34,0
MFG_01,2025-03-09,Factory Issue,640.39,0
MFG_01,2025-03-10,Factory Issue,528.94,0
MFG_01,2025-03-11,Factory Issue,633.86,0
MFG_01,2025-03-12,Factory Issue,509.87,0
MFG_01,2025-03-13,Factory Issue,699.14,0
MFG_01,2025-03-14,Factory Issue,572.69,0
MFG_01,2025-03-15,Factory Issue,643.92,0
MFG_01,2025-03-16,Factory Issue,662.28,0
MFG_01,2025-03-17,Factory Issue,779.35,0
MFG_01,2025-03-18,Factory Issue,769.54,0
MFG_01,2025-03-19,Factory Issue,742.79,0
MFG_01,2025-03-20,Factory Issue,682.5,0
MFG_01,2025-03-21,Factory Issue,720.03,0
MFG_01,2025-03-22,Factory Issue,450.54,0
MFG_01,2025-03-23,Factory Issue,651.22,0
MFG_01,2025-03-24,Factory Issue,486.93,0
MFG_01,2025-03-25,Factory Issue,500.59,0
MFG_01,2025-03-26,Factory Issue,738.14,0
MFG_01,2025-03-27,Factory Issue,580.03,0
MFG_01,2025-03-28,Factory Issue,477.01,0
MFG_01,2025-03-29,Factory Issue,483.35,0
MFG_01,2025-03-30,Factory Issue,685.28,0
MFG_01,2025-03-31,Factory Issue,650.34,0
MFG_01,2025-04-01,Factory Issue,623.1,0
MFG_01,2025-04-02,Factory Issue,445.02,0
MFG_01,2025-04-03,Factory Issue,603.43,0
MFG_01,2025-04-04,Factory Issue,676.76,0
MFG_01,2025-04-05,Factory Issue,504.36,0
MFG_01,2025-04-06,Factory Issue,482.12,0
MFG_01,2025-04-07,Factory Issue,577.03,0
MFG_01,2025-04-08,Factory Issue,601.55,0
MFG_01,2025-04-09,Factory Issue,679.02,0
MFG_01,2025-04-10,Factory Issue,513.28,0
MFG_02,2025-01-01,Factory Issue,556.37,0
MFG_02,2025-01-02,Factory Issue,641.23,0
MFG_02,2025-01-03,Factory Issue,700.21,0
MFG_02,2025-01-04,Factory Issue,649.31,0
MFG_02,2025-01-05,Factory Issue,567.99,0
MFG_02,2025-01-06,Factory Issue,460.01,0
MFG_02,2025-01-07,Factory Issue,776.91,0
MFG_02,2025-01-08,Factory Issue,671.05,0
MFG_02,2025-01-09,Factory Issue,523.71,0
MFG_02,2025-01-10,Factory Issue,539.48,0
MFG_02,2025-01-11,Factory Issue,600.55,0
MFG_02,2025-01-12,Factory Issue,628.72,0
MFG_02,2025-01-13,Factory Issue,533.46,0
MFG_02,2025-01-14,Factory Issue,722.95,0
MFG_02,2025-01-15,Factory Issue,731.94,0
MFG_02,2025-01-16,Factory Issue,627.93,0
MFG_02,2025-01-17,Factory Issue,618.9,0
MFG_02,2025-01-18,Factory Issue,531.48,0
MFG_02,2025-01-19,Factory Issue,577.61,0
MFG_02,2025-01-20,Factory Issue,485.78,0
MFG_02,2025-01-21,Factory Issue,684.51,0
MFG_02,2025-01-22,Factory Issue,708.7,0
MFG_02,2025-01-23,Factory Issue,624.6,0
MFG_02,2025-01-24,Factory Issue,789.38,0
MFG_02,2025-01-25,Factory Issue,611.13,0
MFG_02,2025-01-26,Factory Issue,589.69,0
MFG_02,2025-01-27,Factory Issue,723.07,0
MFG_02,2025-01-28,Factory Issue,447.05,0
MFG_02,2025-01-29,Factory Issue,638.06,0
MFG_02,2025-01-30,Factory Issue,442.93,0
MFG_02,2025-01-31,Factory Issue,444.68,0
MFG_02,2025-02-01,Factory Issue,585.61,0
MFG_02,2025-02-02,Factory Issue,511.25,0
MFG_02,2025-02-03,Factory Issue,667.65,0
MFG_02,2025-02-04,Factory Issue,551.31,0
MFG_02,2025-02-05,Factory Issue,807.93,0
MFG_02,2025-02-06,Factory Issue,649.77,0
MFG_02,2025-02-07,Factory Issue,524.3,0
MFG_02,2025-02-08,Factory Issue,635.37,0
MFG_02,2025-02-09,Factory Issue,666.55,0
MFG_02,2025-02-10,Factory Issue,812.76,0
MFG_02,2025-02-11,Factory Issue,477.38,0
MFG_02,2025-02-12,Factory Issue,592.4,0
MFG_02,2025-02-13,Factory Issue,703.67,0
MFG_02,2025-02-14,Factory Issue,631.02,0
MFG_02,2025-02-15,Factory Issue,539.91,0
MFG_02,2025-02-16,Factory Issue,509.0,0
MFG_02,2025-02-17,Factory Issue,579.61,0
MFG_02,2025-02-18,Factory Issue,722.42,0
MFG_02,2025-02-19,Factory Issue,653.85,0
MFG_02,2025-02-20,Factory Issue,631.22,0
MFG_02,2025-02-21,Factory Issue,750.49,0
MFG_02,2025-02-22,Factory Issue,583.5,0
MFG_02,2025-02-23,Factory Issue,594.36,0
MFG_02,2025-02-24,Factory Issue,535.56,0
MFG_02,2025-02-25,Factory Issue,447.85,0
MFG_02,2025-02-26,Factory Issue,645.66,0
MFG_02,2025-02-27,Factory Issue,460.84,0
MFG_02,2025-02-28,Factory Issue,607.55,0
MFG_02,2025-03-01,Factory Issue,732.25,0
MFG_02,2025-03-02,Factory Issue,665.48,0
MFG_02,2025-03-03,Factory Issue,686.74,0
MFG_02,2025-03-04,Factory Issue,455.23,0
MFG_02,2025-03-05,Factory Issue,597.87,0
MFG_02,2025-03-06,Factory Issue,712.86,0
MFG_02,2025-03-07,Factory Issue,485.91,0
MFG_02,2025-03-08,Factory Issue,642.36,0
MFG_02,2025-03-09,Factory Issue,479.74,0
MFG_02,2025-03-10,Factory Issue,483.27,0
MFG_02,2025-03-11,Factory Issue,658.94,0
MFG_02,2025-03-12,Factory Issue,543.11,0
MFG_02,2025-03-13,Factory Issue,594.81,0
MFG_02,2025-03-14,Factory Issue,714.16,0
MFG_02,2025-03-15,Factory Issue,501.53,0
MFG_02,2025-03-16,Factory Issue,888.48,0
MFG_02,2025-03-17,Factory Issue,716.15,0
MFG_02,2025-03-18,Factory Issue,548.97,0
MFG_02,2025-03-19,Factory Issue,718.94,0
MFG_02,2025-03-20,Factory Issue,675.5,0
MFG_02,2025-03-21,Factory Issue,683.33,0
MFG_02,2025-03-22,Factory Issue,583.69,0
MFG_02,2025-03-23,Factory Issue,706.28,0
MFG_02,2025-03-24,Factory Issue,662.15,0
MFG_02,2025-03-25,Factory Issue,672.8,0
MFG_02,2025-03-26,Factory Issue,641.52,0
MFG_02,2025-03-27,Factory Issue,609.67,0
MFG_02,2025-03-28,Factory Issue,582.43,0
MFG_02,2025-03-29,Factory Issue,468.25,0
MFG_02,2025-03-30,Factory Issue,598.61,0
MFG_02,2025-03-31,Factory Issue,503.56,0
MFG_02,2025-04-01,Factory Issue,598.71,0
MFG_02,2025-04-02,Factory Issue,677.7,0
MFG_02,2025-04-03,Factory Issue,753.37,0
MFG_02,2025-04-04,Factory Issue,495.15,0
MFG_02,2025-04-05,Factory Issue,521.62,0
MFG_02,2025-04-06,Factory Issue,493.96,0
MFG_02,2025-04-07,Factory Issue,637.59,0
MFG_02,2025-04-08,Factory Issue,661.55,0
MFG_02,2025-04-09,Factory Issue,558.19,0
MFG_02,2025-04-10,Factory Issue,580.96,0
MFG_03,2025-01-01,Factory Issue,998.15,0
MFG_03,2025-01-02,Factory Issue,538.95,0
MFG_03,2025-01-03,Factory Issue,512.15,0
MFG_03,2025-01-04,Factory Issue,462.46,0
MFG_03,2025-01-05,Factory Issue,401.26,0
MFG_03,2025-01-06,Factory Issue,760.46,0
MFG_03,2025-01-07,Factory Issue,768.15,0
MFG_03,2025-01-08,Factory Issue,537.91,0
MFG_03,2025-01-09,Factory Issue,766.34,0
MFG_03,2025-01-10,Factory Issue,582.59,0
MFG_03,2025-01-11,Factory Issue,556.07,0
MFG_03,2025-01-12,Factory Issue,595.94,0
MFG_03,2025-01-13,Factory Issue,322.33,0
MFG_03,2025-01-14,Factory Issue,451.69,0
MFG_03,2025-01-15,Factory Issue,634.79,0
MFG_03,2025-01-16,Factory Issue,661.25,0
MFG_03,2025-01-17,Factory Issue,609.71,0
MFG_03,2025-01-18,Factory Issue,578.03,0
MFG_03,2025-01-19,Factory Issue,636.39,0
MFG_03,2025-01-20,Factory Issue,888.34,0
MFG_03,2025-01-21,Factory Issue,811.53,0
MFG_03,2025-01-22,Factory Issue,621.71,0
MFG_03,2025-01-23,Factory Issue,488.49,0
MFG_03,2025-01-24,Factory Issue,697.14,0
MFG_03,2025-01-25,Factory Issue,828.69,0
MFG_03,2025-01-26,Factory Issue,800.64,0
MFG_03,2025-01-27,Factory Issue,404.4,0
MFG_03,2025-01-28,Factory Issue,590.25,0
MFG_03,2025-01-29,Factory Issue,516.09,0
MFG_03,2025-01-30,Factory Issue,443.97,0
MFG_03,2025-01-31,Factory Issue,650.98,0
MFG_03,2025-02-01,Factory Issue,449.69,0
MFG_03,2025-02-02,Factory Issue,584.28,0
MFG_03,2025-02-03,Factory Issue,613.64,0
MFG_03,2025-02-04,Factory Issue,700.37,0
MFG_03,2025-02-05,Factory Issue,658.18,0
MFG_03,2025-02-06,Factory Issue,427.58,0
MFG_03,2025-02-07,Factory Issue,777.54,0
MFG_03,2025-02-08,Factory Issue,525.37,0
MFG_03,2025-02-09,Factory Issue,900.34,0
MFG_03,2025-02-10,Factory Issue,616.3,0
MFG_03,2025-02-11,Factory Issue,775.16,0
MFG_03,2025-02-12,Factory Issue,780.93,0
MFG_03,2025-02-13,Factory Issue,512.85,0
MFG_03,2025-02-14,Factory Issue,563.07,0
MFG_03,2025-02-15,Factory Issue,554.7,0
MFG_03,2025-02-16,Factory Issue,556.91,0
MFG_03,2025-02-17,Factory Issue,597.2,0
MFG_03,2025-02-18,Factory Issue,455.92,0
MFG_03,2025-02-19,Factory Issue,615.83,0
MFG_03,2025-02-20,Factory Issue,601.84,0
MFG_03,2025-02-21,Factory Issue,327.0,0
MFG_03,2025-02-22,Factory Issue,542.48,0
MFG_03,2025-02-23,Factory Issue,529.1,0
MFG_03,2025-02-24,Factory Issue,498.71,0
MFG_03,2025-02-25,Factory Issue,859.01,0
MFG_03,2025-02-26,Factory Issue,377.78,0
MFG_03,2025-02-27,Factory Issue,461.5,0
MFG_03,2025-02-28,Factory Issue,609.21,0
MFG_03,2025-03-01,Factory Issue,564.23,0
MFG_03,2025-03-02,Factory Issue,675.83,0
MFG_03,2025-03-03,Factory Issue,826.38,0
MFG_03,2025-03-04,Factory Issue,861.79,0
MFG_03,2025-03-05,Factory Issue,627.91,0
MFG_03,2025-03-06,Factory Issue,527.47,0
MFG_03,2025-03-07,Factory Issue,649.77,0
MFG_03,2025-03-08,Factory Issue,425.45,0
MFG_03,2025-03-09,Factory Issue,785.74,0
MFG_03,2025-03-10,Factory Issue,920.82,0
MFG_03,2025-03-11,Factory Issue,480.97,0
MFG_03,2025-03-12,Factory Issue,473.61,0
MFG_03,2025-03-13,Factory Issue,521.64,0
MFG_03,2025-03-14,Factory Issue,624.58,0
MFG_03,2025-03-15,Factory Issue,612.43,0
MFG_03,2025-03-16,Factory Issue,544.56,0
MFG_03,2025-03-17,Factory Issue,462.42,0
MFG_03,2025-03-18,Factory Issue,802.89,0
MFG_03,2025-03-19,Factory Issue,564.52,0
MFG_03,2025-03-20,Factory Issue,546.24,0
MFG_03,2025-03-21,Factory Issue,628.64,0
MFG_03,2025-03-22,Factory Issue,799.45,0
MFG_03,2025-03-23,Factory Issue,616.38,0
MFG_03,2025-03-24,Factory Issue,701.01,0
MFG_03,2025-03-25,Factory Issue,541.23,0
MFG_03,2025-03-26,Factory Issue,651.61,0
MFG_03,2025-03-27,Factory Issue,631.2,0
MFG_03,2025-03-28,Factory Issue,836.06,0
MFG_03,2025-03-29,Factory Issue,231.74,0
MFG_03,2025-03-30,Factory Issue,617.8,0
MFG_03,2025-03-31,Factory Issue,711.47,0
MFG_03,2025-04-01,Factory Issue,661.47,0
MFG_03,2025-04-02,Factory Issue,438.13,0
MFG_03,2025-04-03,Factory Issue,754.36,0
MFG_03,2025-04-04,Factory Issue,713.0,0
MFG_03,2025-04-05,Factory Issue,763.86,0
MFG_03,2025-04-06,Factory Issue,513.1,0
MFG_03,2025-04-07,Factory Issue,621.92,0
MFG_03,2025-04-08,Factory Issue,445.48,0
MFG_03,2025-04-09,Factory Issue,576.11,0
MFG_03,2025-04-10,Factory Issue,596.56,0
MFG_04,2025-01-01,Factory Issue,648.18,0
MFG_04,2025-01-02,Factory Issue,269.0,0
MFG_04,2025-01-03,Factory Issue,374.3,0
MFG_04,2025-01-04,Factory Issue,706.38,0
MFG_04,2025-01-05,Factory Issue,570.1,0
MFG_04,2025-01-06,Factory Issue,704.87,0
MFG_04,2025-01-07,Factory Issue,349.68,0
MFG_04,2025-01-08,Factory Issue,545.21,0
MFG_04,2025-01-09,Factory Issue,515.93,0
MFG_04,2025-01-10,Factory Issue,519.21,0
MFG_04,2025-01-11,Factory Issue,328.43,0
MFG_04,2025-01-12,Factory Issue,384.01,0
MFG_04,2025-01-13,Factory Issue,357.16,0
MFG_04,2025-01-14,Factory Issue,556.9,0
MFG_04,2025-01-15,Factory Issue,375.95,0
MFG_04,2025-01-16,Factory Issue,514.48,0
MFG_04,2025-01-17,Factory Issue,534.45,0
MFG_04,2025-01-18,Factory Issue,525.38,0
MFG_04,2025-01-19,Factory Issue,305.35,0
MFG_04,2025-01-20,Factory Issue,545.44,0
MFG_04,2025-01-21,Factory Issue,381.33,0
MFG_04,2025-01-22,Factory Issue,332.82,0
MFG_04,2025-01-23,Factory Issue,644.32,0
MFG_04,2025-01-24,Factory Issue,621.76,0
MFG_04,2025-01-25,Factory Issue,668.28,0
MFG_04,2025-01-26,Factory Issue,401.99,0
MFG_04,2025-01-27,Factory Issue,351.31,0
MFG_04,2025-01-28,Factory Issue,889.25,0
MFG_04,2025-01-29,Factory Issue,217.59,0
MFG_04,2025-01-30,Factory Issue,421.96,0
MFG_04,2025-01-31,Factory Issue,863.14,0
MFG_04,2025-02-01,Factory Issue,638.93,0
MFG_04,2025-02-02,Factory Issue,932.09,0
MFG_04,2025-02-03,Factory Issue,938.43,0
MFG_04,2025-02-04,Factory Issue,874.56,0
MFG_04,2025-02-05,Factory Issue,902.51,0
MFG_04,2025-02-06,Factory Issue,616.39,0
MFG_04,2025-02-07,Factory Issue,414.22,0
MFG_04,2025-02-08,Factory Issue,763.25,0
MFG_04,2025-02-09,Factory Issue,373.12,0
MFG_04,2025-02-10,Factory Issue,269.93,0
MFG_04,2025-02-11,Factory Issue,425.74,0
MFG_04,2025-02-12,Factory Issue,613.18,0
MFG_04,2025-02-13,Factory Issue,631.4,0
MFG_04,2025-02-14,Factory Issue,848.83,0
MFG_04,2025-02-15,Factory Issue,565.03,0
MFG_04,2025-02-16,Factory Issue,1074.33,0
MFG_04,2025-02-17,Factory Issue,617.43,0
MFG_04,2025-02-18,Factory Issue,751.64,0
MFG_04,2025-02-19,Factory Issue,485.88,0
MFG_04,2025-02-20,Factory Issue,649.36,0
MFG_04,2025-02-21,Factory Issue,659.06,0
MFG_04,2025-02-22,Factory Issue,426.36,0
MFG_04,2025-02-23,Factory Issue,643.44,0
MFG_04,2025-02-24,Factory Issue,404.41,0
MFG_04,2025-02-25,Factory Issue,1057.05,0
MFG_04,2025-02-26,Factory Issue,387.97,0
MFG_04,2025-02-27,Factory Issue,653.63,0
MFG_04,2025-02-28,Factory Issue,519.57,0
MFG_04,2025-03-01,Factory Issue,316.06,0
MFG_04,2025-03-02,Factory Issue,707.5,0
MFG_04,2025-03-03,Factory Issue,726.62,0
MFG_04,2025-03-04,Factory Issue,322.39,0
MFG_04,2025-03-05,Factory Issue,392.59,0
MFG_04,2025-03-06,Factory Issue,843.1,0
MFG_04,2025-03-07,Factory Issue,768.74,0
MFG_04,2025-03-08,Factory Issue,727.29,0
MFG_04,2025-03-09,Factory Issue,384.11,0
MFG_04,2025-03-10,Factory Issue,548.65,0
MFG_04,2025-03-11,Factory Issue,866.17,0
MFG_04,2025-03-12,Factory Issue,207.18,0
MFG_04,2025-03-13,Factory Issue,342.95,0
MFG_04,2025-03-14,Factory Issue,486.38,0
MFG_04,2025-03-15,Factory Issue,648.54,0
MFG_04,2025-03-16,Factory Issue,899.91,0
MFG_04,2025-03-17,Factory Issue,966.79,0
MFG_04,2025-03-18,Factory Issue,466.94,0
MFG_04,2025-03-19,Factory Issue,827.38,0
MFG_04,2025-03-20,Factory Issue,256.81,0
MFG_04,2025-03-21,Factory Issue,713.23,0
MFG_04,2025-03-22,Factory Issue,922.23,0
MFG_04,2025-03-23,Factory Issue,303.6,0
MFG_04,2025-03-24,Factory Issue,571.14,0
MFG_04,2025-03-25,Factory Issue,919.63,0
MFG_04,2025-03-26,Factory Issue,589.17,0
MFG_04,2025-03-27,Factory Issue,704.71,0
MFG_04,2025-03-28,Factory Issue,681.17,0
MFG_04,2025-03-29,Factory Issue,436.43,0
MFG_04,2025-03-30,Factory Issue,538.15,0
MFG_04,2025-03-31,Factory Issue,819.85,0
MFG_04,2025-04-01,Factory Issue,688.32,0
MFG_04,2025-04-02,Factory Issue,450.68,0
MFG_04,2025-04-03,Factory Issue,618.97,0
MFG_04,2025-04-04,Factory Issue,498.86,0
MFG_04,2025-04-05,Factory Issue,661.42,0
MFG_04,2025-04-06,Factory Issue,509.53,0
MFG_04,2025-04-07,Factory Issue,705.99,0
MFG_04,2025-04-08,Factory Issue,443.11,0
MFG_04,2025-04-09,Factory Issue,750.96,0
MFG_04,2025-04-10,Factory Issue,327.46,0
MFG_05,2025-01-01,Factory Issue,734.03,0
MFG_05,2025-01-02,Factory Issue,615.28,0
MFG_05,2025-01-03,Factory Issue,677.11,0
MFG_05,2025-01-04,Factory Issue,632.43,0
MFG_05,2025-01-05,Factory Issue,758.08,0
MFG_05,2025-01-06,Factory Issue,519.88,0
MFG_05,2025-01-07,Factory Issue,428.39,0
MFG_05,2025-01-08,Factory Issue,708.89,0
MFG_05,2025-01-09,Factory Issue,544.77,0
MFG_05,2025-01-10,Factory Issue,614.42,0
MFG_05,2025-01-11,Factory Issue,705.52,0
MFG_05,2025-01-12,Factory Issue,721.23,0
MFG_05,2025-01-13,Factory Issue,549.1,0
MFG_05,2025-01-14,Factory Issue,609.71,0
MFG_05,2025-01-15,Factory Issue,655.21,0
MFG_05,2025-01-16,Factory Issue,690.68,0
MFG_05,2025-01-17,Factory Issue,537.6,0
MFG_05,2025-01-18,Factory Issue,716.79,0
MFG_05,2025-01-19,Factory Issue,601.95,0
MFG_05,2025-01-20,Factory Issue,591.89,0
MFG_05,2025-01-21,Factory Issue,685.13,0
MFG_05,2025-01-22,Factory Issue,653.25,0
MFG_05,2025-01-23,Factory Issue,743.74,0
MFG_05,2025-01-24,Factory Issue,548.58,0
MFG_05,2025-01-25,Factory Issue,651.91,0
MFG_05,2025-01-26,Factory Issue,715.48,0
MFG_05,2025-01-27,Factory Issue,587.38,0
MFG_05,2025-01-28,Factory Issue,539.87,0
MFG_05,2025-01-29,Factory Issue,656.65,0
MFG_05,2025-01-30,Factory Issue,665.29,0
MFG_05,2025-01-31,Factory Issue,451.56,0
MFG_05,2025-02-01,Factory Issue,723.61,0
MFG_05,2025-02-02,Factory Issue,731.06,0
MFG_05,2025-02-03,Factory Issue,532.39,0
MFG_05,2025-02-04,Factory Issue,533.64,0
MFG_05,2025-02-05,Factory Issue,667.93,0
MFG_05,2025-02-06,Factory Issue,671.88,0
MFG_05,2025-02-07,Factory Issue,627.9,0
MFG_05,2025-02-08,Factory Issue,481.53,0
MFG_05,2025-02-09,Factory Issue,550.96,0
MFG_05,2025-02-10,Factory Issue,634.43,0
MFG_05,2025-02-11,Factory Issue,588.52,0
MFG_05,2025-02-12,Factory Issue,399.37,0
MFG_05,2025-02-13,Factory Issue,498.79,0
MFG_05,2025-02-14,Factory Issue,477.24,0
MFG_05,2025-02-15,Factory Issue,497.9,0
MFG_05,2025-02-16,Factory Issue,630.04,0
MFG_05,2025-02-17,Factory Issue,573.82,0
MFG_05,2025-02-18,Factory Issue,614.23,0
MFG_05,2025-02-19,Factory Issue,567.83,0
MFG_05,2025-02-20,Factory Issue,613.33,0
MFG_05,2025-02-21,Factory Issue,631.31,0
MFG_05,2025-02-22,Factory Issue,699.75,0
MFG_05,2025-02-23,Factory Issue,506.46,0
MFG_05,2025-02-24,Factory Issue,621.6,0
MFG_05,2025-02-25,Factory Issue,751.15,0
MFG_05,2025-02-26,Factory Issue,607.47,0
MFG_05,2025-02-27,Factory Issue,573.63,0
MFG_05,2025-02-28,Factory Issue,549.9,0
MFG_05,2025-03-01,Factory Issue,576.61,0
MFG_05,2025-03-02,Factory Issue,631.1,0
MFG_05,2025-03-03,Factory Issue,606.51,0
MFG_05,2025-03-04,Factory Issue,534.89,0
MFG_05,2025-03-05,Factory Issue,630.55,0
MFG_05,2025-03-06,Factory Issue,806.95,0
MFG_05,2025-03-07,Factory Issue,619.18,0
MFG_05,2025-03-08,Factory Issue,594.81,0
MFG_05,2025-03-09,Factory Issue,728.58,0
MFG_05,2025-03-10,Factory Issue,635.17,0
MFG_05,2025-03-11,Factory Issue,597.34,0
MFG_05,2025-03-12,Factory Issue,454.73,0
MFG_05,2025-03-13,Factory Issue,596.18,0
MFG_05,2025-03-14,Factory Issue,531.72,0
MFG_05,2025-03-15,Factory Issue,572.08,0
MFG_05,2025-03-16,Factory Issue,559.62,0
MFG_05,2025-03-17,Factory Issue,745.68,0
MFG_05,2025-03-18,Factory Issue,667.94,0
MFG_05,2025-03-19,Factory Issue,683.02,0
MFG_05,2025-03-20,Factory Issue,491.08,0
MFG_05,2025-03-21,Factory Issue,621.97,0
MFG_05,2025-03-22,Factory Issue,451.31,0
MFG_05,2025-03-23,Factory Issue,526.48,0
MFG_05,2025-03-24,Factory Issue,562.54,0
MFG_05,2025-03-25,Factory Issue,623.08,0
MFG_05,2025-03-26,Factory Issue,590.76,0
MFG_05,2025-03-27,Factory Issue,807.3,0
MFG_05,2025-03-28,Factory Issue,608.58,0
MFG_05,2025-03-29,Factory Issue,514.85,0
MFG_05,2025-03-30,Factory Issue,577.26,0
MFG_05,2025-03-31,Factory Issue,391.55,0
MFG_05,2025-04-01,Factory Issue,626.61,0
MFG_05,2025-04-02,Factory Issue,503.99,0
MFG_05,2025-04-03,Factory Issue,659.31,0
MFG_05,2025-04-04,Factory Issue,672.85,0
MFG_05,2025-04-05,Factory Issue,651.02,0
MFG_05,2025-04-06,Factory Issue,457.64,0
MFG_05,2025-04-07,Factory Issue,754.94,0
MFG_05,2025-04-08,Factory Issue,688.56,0
MFG_05,2025-04-09,Factory Issue,595.11,0
MFG_05,2025-04-10,Factory Issue,568.65,0
MFG_06,2025-01-01,Factory Issue,597.18,0
MFG_06,2025-01-02,Factory Issue,657.35,0
MFG_06,2025-01-03,Factory Issue,455.65,0
MFG_06,2025-01-04,Factory Issue,794.05,0
MFG_06,2025-01-05,Factory Issue,497.64,0
MFG_06,2025-01-06,Factory Issue,514.48,0
MFG_06,2025-01-07,Factory Issue,686.3,0
MFG_06,2025-01-08,Factory Issue,793.31,0
MFG_06,2025-01-09,Factory Issue,454.95,0
MFG_06,2025-01-10,Factory Issue,1079.31,0
MFG_06,2025-01-11,Factory Issue,663.86,0
MFG_06,2025-01-12,Factory Issue,302.68,0
MFG_06,2025-01-13,Factory Issue,387.77,0
MFG_06,2025-01-14,Factory Issue,687.36,0
MFG_06,2025-01-15,Factory Issue,702.99,0
MFG_06,2025-01-16,Factory Issue,504.87,0
MFG_06,2025-01-17,Factory Issue,674.55,0
MFG_06,2025-01-18,Factory Issue,521.96,0
MFG_06,2025-01-19,Factory Issue,411.26,0
MFG_06,2025-01-20,Factory Issue,564.07,0
MFG_06,2025-01-21,Factory Issue,565.91,0
MFG_06,2025-01-22,Factory Issue,834.13,0
MFG_06,2025-01-23,Factory Issue,793.55,0
MFG_06,2025-01-24,Factory Issue,648.29,0
MFG_06,2025-01-25,Factory Issue,682.14,0
MFG_06,2025-01-26,Factory Issue,822.69,0
MFG_06,2025-01-27,Factory Issue,1231.42,0
MFG_06,2025-01-28,Factory Issue,559.18,0
MFG_06,2025-01-29,Factory Issue,937.29,0
MFG_06,2025-01-30,Factory Issue,324.51,0
MFG_06,2025-01-31,Factory Issue,362.96,0
MFG_06,2025-02-01,Factory Issue,594.97,0
MFG_06,2025-02-02,Factory Issue,761.38,0
MFG_06,2025-02-03,Factory Issue,566.76,0
MFG_06,2025-02-04,Factory Issue,658.89,0
MFG_06,2025-02-05,Factory Issue,1020.43,0
MFG_06,2025-02-06,Factory Issue,678.63,0
MFG_06,2025-02-07,Factory Issue,346.06,0
MFG_06,2025-02-08,Factory Issue,712.79,0
MFG_06,2025-02-09,Factory Issue,444.36,0
MFG_06,2025-02-10,Factory Issue,638.02,0
MFG_06,2025-02-11,Factory Issue,644.75,0
MFG_06,2025-02-12,Factory Issue,496.99,0
MFG_06,2025-02-13,Factory Issue,776.73,0
MFG_06,2025-02-14,Factory Issue,457.57,0
MFG_06,2025-02-15,Factory Issue,651.95,0
MFG_06,2025-02-16,Factory Issue,769.23,0
MFG_06,2025-02-17,Factory Issue,655.13,0
MFG_06,2025-02-18,Factory Issue,471.9,0
MFG_06,2025-02-19,Factory Issue,479.9,0
MFG_06,2025-02-20,Factory Issue,475.4,0
MFG_06,2025-02-21,Factory Issue,742.74,0
MFG_06,2025-02-22,Factory Issue,632.67,0
MFG_06,2025-02-23,Factory Issue,715.13,0
MFG_06,2025-02-24,Factory Issue,714.33,0
MFG_06,2025-02-25,Factory Issue,374.39,0
MFG_06,2025-02-26,Factory Issue,435.95,0
MFG_06,2025-02-27,Factory Issue,556.95,0
MFG_06,2025-02-28,Factory Issue,608.81,0
MFG_06,2025-03-01,Factory Issue,510.76,0
MFG_06,2025-03-02,Factory Issue,308.04,0
MFG_06,2025-03-03,Factory Issue,612.14,0
MFG_06,2025-03-04,Factory Issue,566.11,0
MFG_06,2025-03-05,Factory Issue,323.09,0
MFG_06,2025-03-06,Factory Issue,280.3,0
MFG_06,2025-03-07,Factory Issue,367.45,0
MFG_06,2025-03-08,Factory Issue,663.65,0
MFG_06,2025-03-09,Factory Issue,646.08,0
MFG_06,2025-03-10,Factory Issue,864.6,0
MFG_06,2025-03-11,Factory Issue,792.54,0
MFG_06,2025-03-12,Factory Issue,678.41,0
MFG_06,2025-03-13,Factory Issue,569.75,0
MFG_06,2025-03-14,Factory Issue,636.85,0
MFG_06,2025-03-15,Factory Issue,596.82,0
MFG_06,2025-03-16,Factory Issue,525.41,0
MFG_06,2025-03-17,Factory Issue,738.68,0
MFG_06,2025-03-18,Factory Issue,866.66,0
MFG_06,2025-03-19,Factory Issue,499.1,0
MFG_06,2025-03-20,Factory Issue,876.66,0
MFG_06,2025-03-21,Factory Issue,697.61,0
MFG_06,2025-03-22,Factory Issue,620.32,0
MFG_06,2025-03-23,Factory Issue,635.99,0
MFG_06,2025-03-24,Factory Issue,562.76,0
MFG_06,2025-03-25,Factory Issue,422.51,0
MFG_06,2025-03-26,Factory Issue,635.29,0
MFG_06,2025-03-27,Factory Issue,945.66,0
MFG_06,2025-03-28,Factory Issue,865.63,0
MFG_06,2025-03-29,Factory Issue,479.39,0
MFG_06,2025-03-30,Factory Issue,701.92,0
MFG_06,2025-03-31,Factory Issue,658.69,0
MFG_06,2025-04-01,Factory Issue,678.26,0
MFG_06,2025-04-02,Factory Issue,600.32,0
MFG_06,2025-04-03,Factory Issue,733.45,0
MFG_06,2025-04-04,Factory Issue,751.81,0
MFG_06,2025-04-05,Factory Issue,469.48,0
MFG_06,2025-04-06,Factory Issue,908.26,0
MFG_06,2025-04-07,Factory Issue,250.39,0
MFG_06,2025-04-08,Factory Issue,446.38,0
MFG_06,2025-04-09,Factory Issue,702.8,0
MFG_06,2025-04-10,Factory Issue,640.34,0
